c7b920f57e553df2bb68272f61570210,http://google.com
d6a7b4af2b48ab51606341b48bd2c752,http://boingboing.net/
f2e1e0b229acffb456f89fc1c02c86a2,cerceveihale.com/30353467.html
e85a6bace979d9db11fe64ee7de5860c,mghp-consulting.fr/77103467.html
21b3963d9e5c2e0f833945e8df8ed7c9,icroacoa.fr/88073467.html
9d6a200f740c05db1a05ee132cc9e987,francetechnologie.cz/84943467.html
c4422640e718d1cada5b1b8f1ad1e962,uploads.boxify.me/86773/Lstmail.mid
0a0d427567db23d0dd063b9717747109,plugnrex.info/index.html?extension=wxd
7202c4e4b991e8a1f9fdd48460c5c183,plugnrex.info/index.html?extension=wxd&publisher=54&country=
7f05d6f2be77a55f43f00025e2fceaa0,www.getriptunes.com/download/index.html
b29019a8c356e732d4b989b852124485,stealmyhouses.com/images/3.exe
d5673c8d0943481e03a77db090bda877,youjizz.com
4deb7668864ac356df0a18c7f719c403,newlynholidaycottage.co.uk/58203467.html
34112a5819db4d2b8b0c73bf96c74095,beenhouwerijlouis.be/49213467.html
d96258b35690d9b3758c8e1d046f1db5,lkjs.cn
06bddcc55512d523665f76a4f2d3d84f,pearch.net/in.cgi?7
1eb6fcc0c1e6bf6e5c150db3213d35bc,admincareers.com
63db6e1e6929b77dd7e672d4b0c32515,http://fack.org
